route	lineage	calls_family_check	calls_lineage_policy
acetoclastic	Methanosarcina	32	32
acetoclastic	Methanothrix	29	29
acetoclastic	Methanolobus	27	0
acetoclastic	Methanocrinis	12	12
acetoclastic	Methanococcoides	11	0
acetoclastic	Methanohalophilus	9	0
acetoclastic	Methanomethylovorans	8	0
acetoclastic	DQIP01	6	0
acetoclastic	MTP4	4	0
acetoclastic	UBA204	2	0
acetoclastic	Fen-7	2	0
acetoclastic	JAIOTO01	2	0
acetoclastic	JAQVBP01	2	0
acetoclastic	Methanohalobium	2	0
acetoclastic	Methanosalsum	2	0
acetoclastic	MVQI01	1	0
acetoclastic	UBA114	1	0
acetoclastic	JABLXE01	1	0
acetoclastic	JAFGMR01	1	0
acetoclastic	JALHSR01	1	0
acetoclastic	DATMZB01	1	0
hydrogenotrophic	Methanomicrobiales	214	210
hydrogenotrophic	Methanobacteriales	185	181
hydrogenotrophic	Methanosarcinales	110	49
hydrogenotrophic	Anaerobic methane / alkane oxidisers	65	0
hydrogenotrophic	Methanotrichales	56	0
hydrogenotrophic	Methanococcales	31	31
hydrogenotrophic	Methanocellales	7	7
hydrogenotrophic	Methanopyrales	6	6
hydrogenotrophic	DAOWMC01	1	1
hydrogenotrophic	Hadarchaeales	1	1
hydrogenotrophic	Methanonatronarchaeales	1	0
methylotrophic	Methanomassiliicoccales	164	164
methylotrophic	Methanosarcinales	119	118
methylotrophic	Methanobacteriales	51	50
methylotrophic	Methanomethylicales	25	25
methylotrophic	Methanofastidiosales	18	18
methylotrophic	Methanococcales	6	0
methylotrophic	Methanotrichales	2	0
methylotrophic	Methanomicrobiales	2	0
methylotrophic	Methanonatronarchaeales	1	1
